0,Starlight Industries Distribution Hub,2587 Celestial Way
1,Harmony Gardens,3214 Serenity Lane
2,Maple Grove Park,1745 Autumn Road
3,Silverbrook Community Center,4897 Riverview Drive
4,Clearwater Health Services Division,8512 Tranquil Avenue
5,Oakville Public Works Department,6321 Emerald Street
6,Riverdale Streets and Sanitation,9874 Sunnyside Road
7,Lakeview Park,5236 Shoreline Boulevard
8,Fairmont City Hall,7412 Hilltop Lane
9,Brightwood Library,6589 Rosewood Court
10,Maplewood City Hall,3658 Springfield Avenue
11,Millbrook Police Department,2147 Justice Way
12,Riverside Council Hall,8963 Founders Square
13,Cedarwood Park,5214 Pinehill Drive
14,Pineridge Mental Health Clinic,7496 Tranquility Court
15,Valleyview Police Department,9632 Fairview Road
16,Westfield Prosecutor's Office,4587 Judicial Plaza
17,Brookside Housing Authority,1236 Riverside Lane
18,Clearview DMV Administrative Office,3258 Clearwater Drive
19,Maplewood Juvenile Court,7845 Justice Lane
20,Elmwood Regional Softball Complex,6987 Sportsfield Way
21,Sugarville City Office,2541 Maple Avenue
22,Riverview Museum,8521 Heritage Lane
23,Meadowbrook Regional Softball Complex,4569 Meadowlark Drive
24,Springdale City Center,7536 Town Square
25,Willow Terrace Pavilion Park,9874 Parkside Avenue
26,Oakwood Historic Farm,5214 Countryside Lane